1|1|1|Men's COLLAR T shirt size XL|1|1|used|3/30/2012 0:00|4/30/2012 0:00|free|0|0
2|1|1|Men's COLLAR T shirt size L|1|1|new|3/30/2012 0:00|4/30/2012 0:00|chargeable|50|0
3|1|1|Men's COLLAR T shirt size XXL|1|1|used|3/30/2012 0:00|4/30/2012 0:00|free|0|0
4|1|1|Men's COLLAR T shirt long sleeve size M|1|1|new|3/30/2012 0:00|4/30/2012 0:00|chargeable|50|0
5|1|1|Best Quality: French Brand: Domyos: Fitness Plain T shirt: SPORTEE size S|1|1|used|3/30/2012 0:00|4/30/2012 0:00|free|0|0
6|1|1|WHALE BRANDED ROUND NECK PLAIN T-SHIRTS|2|1|new|3/30/2012 0:00|4/30/2012 0:00|chargeable|50|0
7|1|1|GLOBUS BRANDED ROUND NECK PLAIN T-SHIRTS|2|1|used|3/30/2012 0:00|4/30/2012 0:00|free|0|0
8|1|1|Collar T-Shirt in 100% cotton Fabric|2|1|new|3/30/2012 0:00|4/30/2012 0:00|chargeable|50|0
9|1|1|Round Neck T-Shirt in 100% cotton|2|1|used|3/30/2012 0:00|4/30/2012 0:00|free|0|0
10|1|1|Mens Printed Casual T.Shirt - Size - S - ( Discounted Price - LJ 582 )|2|1|new|3/30/2012 0:00|4/30/2012 0:00|chargeable|50|0
11|1|1|YouTube Slogan White T-shirt|2|1|used|3/30/2012 0:00|4/30/2012 0:00|free|0|0
12|1|1|Rock Star Skull Guitar T Shirt music band custom slogan|3|1|new|3/30/2012 0:00|4/30/2012 0:00|chargeable|50|0
13|1|1|Chinese Love symbol logo T shirt tattoo china design|3|1|used|3/30/2012 0:00|4/30/2012 0:00|free|0|0
14|2|1|Casual shirt in checks Branded|3|1|new|3/30/2012 0:00|4/30/2012 0:00|chargeable|50|0
15|2|1|3 Formal shirt plain in single color Branded in price of 1|3|1|used|3/30/2012 0:00|4/30/2012 0:00|free|0|0
16|2|1|Men's Casual/Formal Slim fit PartyWear Shirt Large Size Shirt Sz-L S#003W|3|1|new|3/30/2012 0:00|4/30/2012 0:00|chargeable|50|0
17|2|1|Combo offer of two Men's formal or semi formal shirts size 38 |3|1|used|3/30/2012 0:00|4/30/2012 0:00|free|0|0
18|2|1|Men's formal or semi formal green color shirt size 38|4|1|new|3/30/2012 0:00|4/30/2012 0:00|chargeable|50|0
19|2|1|Men's formal or semi formal shirt size 42|4|1|used|3/30/2012 0:00|4/30/2012 0:00|free|0|0
20|2|1|Men's Full Sleeves Denim Shirt Sz.38 MRP.495/-|4|1|new|3/30/2012 0:00|4/30/2012 0:00|chargeable|50|0
21|2|1|Yepme Red Turtle Neck Shirt 4388 Size 42|4|1|used|3/30/2012 0:00|4/30/2012 0:00|free|0|0
22|2|1|Yepme Navy Turtle Neck Shirt 4390 Size 42|4|1|new|3/30/2012 0:00|4/30/2012 0:00|chargeable|50|0
23|2|1|Yepme Swarovski Button White Party Wear Shirt 3589 Size 42|5|1|used|3/30/2012 0:00|4/30/2012 0:00|free|0|0
24|2|1|Yepme Purple Blue Party Wear Shirt 4719 Size 44|5|1|new|3/30/2012 0:00|4/30/2012 0:00|chargeable|50|0
25|3|1|Premium Quality (2 PCS) Soft Cotton Short / Bermuda for Men|5|1|used|3/30/2012 0:00|4/30/2012 0:00|free|0|0
26|3|1|Branded Mens Shorts SJ 09 Size32-35/L, MRP-899/-@40% Discount 550/-|5|1|new|3/30/2012 0:00|4/30/2012 0:00|chargeable|50|0
27|3|1|"Men's Formal Trouser Sz.27-28"" MRP.350/-"|5|1|used|3/30/2012 0:00|4/30/2012 0:00|free|0|0
28|3|1|White Cotton Pant for Men-Waist 36 inches MRP Rs. 1299|6|1|new|3/30/2012 0:00|4/30/2012 0:00|chargeable|50|0
29|3|1|Men's FORMAL TROUSERS size 32 |6|1|used|3/30/2012 0:00|4/30/2012 0:00|free|0|0
30|3|1|Yepme Office Formal Brown Trousers 4387 Size-38|6|1|new|3/30/2012 0:00|4/30/2012 0:00|chargeable|50|0
31|3|1|Men's Formal Trouser Sz.30 MRP.495/-|6|1|used|3/30/2012 0:00|4/30/2012 0:00|free|0|0
32|3|1|Men Jeans Sz.28 MRP:595/-|6|1|new|3/30/2012 0:00|4/30/2012 0:00|chargeable|50|0
33|3|1|Mens Jeans Slim Fit - Size - 32 ( M 209 )|1|1|used|3/30/2012 0:00|4/30/2012 0:00|free|0|0
34|3|1|"Branded Flying Machine Mens Denim Jeans Slim Waist 32"""|1|1|new|3/30/2012 0:00|4/30/2012 0:00|chargeable|50|0
35|4|2|Alexander the Great - Audio Book|1|1|used|3/30/2012 0:00|4/30/2012 0:00|free|0|0
36|4|2|The Story of Electricity - Audio Book|1|1|new|3/30/2012 0:00|4/30/2012 0:00|chargeable|50|0
37|4|2|Shakespeare - Romeo and Juliet - Audio Book|1|1|used|3/30/2012 0:00|4/30/2012 0:00|free|0|0
38|4|2|Conflict Management - CD ROM|1|1|new|3/30/2012 0:00|4/30/2012 0:00|chargeable|50|0
39|4|2|Short Science Fiction Collection Vol. 011 Audiobook|1|1|used|3/30/2012 0:00|4/30/2012 0:00|free|0|0
40|4|2|Attracting Women from the Inside Out (Audiobook)|1|1|new|3/30/2012 0:00|4/30/2012 0:00|chargeable|50|0
41|4|2|48 Laws Of Power - Robert Greene - AudioBook|1|1|used|3/30/2012 0:00|4/30/2012 0:00|free|0|0
42|4|2|The Complete Sherlock Holmes Audio+eBook on DVD|1|1|new|3/30/2012 0:00|4/30/2012 0:00|chargeable|50|0
43|4|2|Short Science Fiction Collection Vol. 011 Audiobook|1|1|used|3/30/2012 0:00|4/30/2012 0:00|free|0|0
44|4|2|Business Reports - CD ROM|2|1|new|3/30/2012 0:00|4/30/2012 0:00|chargeable|50|0
45|5|2|ATMEL AVR ATTINY 2313 Motor driver ( Arduino , PIC )|2|1|used|3/30/2012 0:00|4/30/2012 0:00|free|0|0
46|5|2|Secure Programming With Static Analysis [With CDROM]|2|1|new|3/30/2012 0:00|4/30/2012 0:00|chargeable|50|0
47|5|2|Google Power Search: The Essential Guide to Finding Anything Online with Google|2|1|used|3/30/2012 0:00|4/30/2012 0:00|free|0|0
48|5|2|Microsoft Publisher 2000 CBT|2|1|new|3/30/2012 0:00|4/30/2012 0:00|chargeable|50|0
49|5|2|I Thought I Knew How to Google 50 Tricks for Refining Your Search|2|1|used|3/30/2012 0:00|4/30/2012 0:00|free|0|0
50|5|2|Ultimate Quiz on Computer Science|2|1|new|3/30/2012 0:00|4/30/2012 0:00|chargeable|50|0
51|5|2|Android Recipes A Problem-Solution Approach|2|1|used|3/30/2012 0:00|4/30/2012 0:00|free|0|0
52|5|2|ACCOUNTING SOFTWARE SINGLE USER|2|1|new|3/30/2012 0:00|4/30/2012 0:00|chargeable|50|0
53|5|2|Android Apps For Absolute Beginners |2|1|used|3/30/2012 0:00|4/30/2012 0:00|free|0|0
54|5|2|SQL SERVER 2008 ADMINISTRATION IN ACTION|3|1|new|3/30/2012 0:00|4/30/2012 0:00|chargeable|50|0
55|6|2|OPEN : AN AUTOBIOGRAPHY by Andre Agassi BOOK|3|1|used|3/30/2012 0:00|4/30/2012 0:00|free|0|0
56|6|2|"OLD HAND PAINTING SIGNED KARAM SINGH "" MUSAFIR"" 9.3.67 "|3|1|new|3/30/2012 0:00|4/30/2012 0:00|chargeable|50|0
57|6|2|BEYOND THE BEAUTIFUL FOREVERS -KATHERINE BOO ( HARDCOVER )|3|1|used|3/30/2012 0:00|4/30/2012 0:00|free|0|0
58|6|2|AAP BANENGE CROREPATI Quiz Kaun Banega Crorepati KBC|3|1|new|3/30/2012 0:00|4/30/2012 0:00|chargeable|50|0
59|6|2|THE SCIENTIFIC INDIAN BY APJ ABDUL KALAM YS RAJAN|3|1|used|3/30/2012 0:00|4/30/2012 0:00|free|0|0
60|6|2|Reader's Digest -QUEST FOR THE PAST - Amazing Answers to the Riddles of History|3|1|new|3/30/2012 0:00|4/30/2012 0:00|chargeable|50|0
61|6|2|Reader's Digest - FAMILY MEDICAL ADVISER - An A-Z guide to everyday ailments|3|1|used|3/30/2012 0:00|4/30/2012 0:00|free|0|0
62|6|2|Reader's Digest -NATURAL WONDERS OF THE WORLD|3|1|new|3/30/2012 0:00|4/30/2012 0:00|chargeable|50|0
63|6|2|Reader's Digest - MARVELS & MYSTERIES OF OUR ANIMAL WORLD|3|1|used|3/30/2012 0:00|4/30/2012 0:00|free|0|0
64|6|2|Wicked Women of the Raj by Coralie Younger - at a huge discount!|4|1|new|3/30/2012 0:00|4/30/2012 0:00|chargeable|50|0
65|7|3|SONY Memory Stick 16GB PRO HG Duo MS-HX16B - 5YR WAR|4|1|used|3/30/2012 0:00|4/30/2012 0:00|free|0|0
66|7|3|Samsung 8GB Class 6 Mobile MicroSD SD SDHC Memory Card|4|1|new|3/30/2012 0:00|4/30/2012 0:00|chargeable|50|0
67|7|3|Sandisk 8GB SD SDHC Class 4 Memory Card + Warranty|4|1|used|3/30/2012 0:00|4/30/2012 0:00|free|0|0
68|7|3|SanDisk Extreme HD Video SDHC Card 32GB, SD 32 GB|4|1|new|3/30/2012 0:00|4/30/2012 0:00|chargeable|50|0
69|7|3|Samsung 4Gb Micro SD Card - Class 4 Micro SDHC, With Bill & 5 Years Warranty|4|1|used|3/30/2012 0:00|4/30/2012 0:00|free|0|0
70|7|3|SanDisk Compact Flash Extreme CF - 16 GB w 5Y Warranty 16GB|4|1|new|3/30/2012 0:00|4/30/2012 0:00|chargeable|50|0
71|7|3|SanDisk MS Micro M2 - 2GB for Sony Mobile - 2 GB Card|4|1|used|3/30/2012 0:00|4/30/2012 0:00|free|0|0
72|7|3|Samsung 8Gb Micro SD Card - Class 6 Micro SDHC, With Bill & 5 Years Warranty|4|1|new|3/30/2012 0:00|4/30/2012 0:00|chargeable|50|0
73|7|3|Sandisk Ultra Compact Flash Card 2GB CF 2 GB 15 Mb NEW|4|1|used|3/30/2012 0:00|4/30/2012 0:00|free|0|0
74|7|3|SanDisk Extreme III / HD Video SDHC Card 4GB, SD 4 GB|5|1|new|3/30/2012 0:00|4/30/2012 0:00|chargeable|50|0
75|8|3|SanDisk Ultra 32 GB Pen Drive Buton Bakup 32GB Pendrive|5|1|used|3/30/2012 0:00|4/30/2012 0:00|free|0|0
76|8|3|Strontium 4GB Bold Series Pen drive with 5 yrs manufacturer's warranty|5|1|new|3/30/2012 0:00|4/30/2012 0:00|chargeable|50|0
77|8|3|8GB Kingston USB 2.0 Pen Drive Flash Memory PenDrive + BILL + 5 Year Warranty|5|1|used|3/30/2012 0:00|4/30/2012 0:00|free|0|0
78|8|3|Original Transcend 4 GB USB Flash Pen Drive |5|1|new|3/30/2012 0:00|4/30/2012 0:00|chargeable|50|0
79|8|3|Brand New Sandisk Cruzer Switch 16GB USB Flash DRIVE Pen Drive Memory Waranty|5|1|used|3/30/2012 0:00|4/30/2012 0:00|free|0|0
80|8|3|16GB Kingston DataTraveller USB 2.0 Pen Drive Flash Memory +BILL+ 3Year Warranty|5|1|new|3/30/2012 0:00|4/30/2012 0:00|chargeable|50|0
81|8|3|SANDISK CRUZER BLADE 4GB PEN DRIVE WITH 5YEARS WARRANTY|5|1|used|3/30/2012 0:00|4/30/2012 0:00|free|0|0
82|8|3|Strontium TNT 16GB Pen Drive - Black With 5 Years Warranty|5|1|new|3/30/2012 0:00|4/30/2012 0:00|chargeable|50|0
83|8|3|128GB Selektronix High Speed Pen Drive - FULL & REAL CAPACITY - Free Shipping|5|1|used|3/30/2012 0:00|4/30/2012 0:00|free|0|0
84|8|3|HP 4GB USB 2.0 Mini Small Pen Drive Flash Sleak + BILL 2 Year Warranty|6|1|new|3/30/2012 0:00|4/30/2012 0:00|chargeable|50|0
85|9|3|HIGHLY SAFE CD / DVD MAILERS 30PACK|6|1|used|3/30/2012 0:00|4/30/2012 0:00|free|0|0
86|9|3|Moser Baer Double Layer 8.5 GB Dual DVD 1Pc Pack +Bill |6|1|new|3/30/2012 0:00|4/30/2012 0:00|chargeable|50|0
87|9|3|IMATION LIGHTSCRIBE DVD+R 5 PACK |6|1|used|3/30/2012 0:00|4/30/2012 0:00|free|0|0
88|9|3|SONY Blank DVD-R Pack of 10|6|1|new|3/30/2012 0:00|4/30/2012 0:00|chargeable|50|0
89|9|3|Amaray Blu Ray Double Case Pack 1|6|1|used|3/30/2012 0:00|4/30/2012 0:00|free|0|0
90|9|3|Amaray Blu Ray Premium Case for 3 discs Pack 1|6|1|new|3/30/2012 0:00|4/30/2012 0:00|chargeable|50|0
91|9|3|VERBATIM CD-R 10 No SPINDEL|6|1|used|3/30/2012 0:00|4/30/2012 0:00|free|0|0
92|9|3|JVC CDR80 Music Audio Pack 10 in sleeve|6|1|new|3/30/2012 0:00|4/30/2012 0:00|chargeable|50|0
93|9|3|JVC DVD-R 1.4Gb 8cm 30min Spindle 10|6|1|used|3/30/2012 0:00|4/30/2012 0:00|free|0|0
94|9|3|Moser Baer Double Layer 8.5 GB Dual DVD 1Pc Pack +Bill|1|1|new|3/30/2012 0:00|4/30/2012 0:00|chargeable|50|0
95|10|4|Multifunction Dual Time Sports Watch |1|1|used|3/30/2012 0:00|4/30/2012 0:00|free|0|0
96|10|4|Unique Design Automatic Mechanical Designer Battery Less Steel Watch For Mens|1|1|new|3/30/2012 0:00|4/30/2012 0:00|chargeable|50|0
97|10|4|New Party Wear Dual Time Black Dial Digital Executive Steel Belt Watch For Mens|2|1|used|3/30/2012 0:00|4/30/2012 0:00|free|0|0
98|10|4|Sports Exercise Watch with Pulse and Calorie Reader|2|1|new|3/30/2012 0:00|4/30/2012 0:00|chargeable|50|0
99|10|4|Automatic Mechanical Designer Battery Less Black Leather Belt Watch [ AWH - B11]|2|1|used|3/30/2012 0:00|4/30/2012 0:00|free|0|0
100|10|4|HMT ELEGANCE 22kt gold plating DESIGNER MENS gents WRIST WATCH on best deal|3|1|new|3/30/2012 0:00|4/30/2012 0:00|chargeable|50|0
101|10|4|Master Collection Chronograph Automatic Movement Men`s Gents Wrist Watch|3|2|used|3/30/2012 0:00|4/30/2012 0:00|free|0|0
102|10|4|Automatic Mechanical Designer Battery Less Black Leather Belt Watch [ AWH - B12]|3|2|new|3/30/2012 0:00|4/30/2012 0:00|chargeable|50|0
103|10|4|Automatic Mechanical Designer Battery Less Steel Belt Watch [ AWH - B13]|4|2|used|3/30/2012 0:00|4/30/2012 0:00|free|0|0
104|10|4|AUTOMATIC Watch Works on Pulse auction starts @ 1|4|2|new|3/30/2012 0:00|4/30/2012 0:00|chargeable|50|0
105|11|4|Star blck roman dial Watch|4|2|used|3/30/2012 0:00|4/30/2012 0:00|free|0|0
106|11|4|MAXIMA DESIGNER WOMENS LADIES WRIST WATCH |5|2|new|3/30/2012 0:00|4/30/2012 0:00|chargeable|50|0
107|11|4|Star Pink roman dial Watch|5|2|used|3/30/2012 0:00|4/30/2012 0:00|free|0|0
108|11|4|AWESOME PARTYWEAR GOLD PLATED DIAMOND WATCH|5|2|new|3/30/2012 0:00|4/30/2012 0:00|chargeable|50|0
109|11|4|AUTHENTIC D'SIGNER QUARTZ LADIES WATCH WHITE DIAL FANCY STAINLESS STEEL STRAP|6|2|used|3/30/2012 0:00|4/30/2012 0:00|free|0|0
110|11|4|Star G Dial Watch|6|2|new|3/30/2012 0:00|4/30/2012 0:00|chargeable|50|0
111|11|4|AUTHENTIC SONATA QUARTZ LADIES WATCH GOLDEN DIAL FANCY STAINLESS STEEL STRAP|6|2|used|3/30/2012 0:00|4/30/2012 0:00|free|0|0
112|11|4|Star Charming Oval dial Watch|1|2|new|3/30/2012 0:00|4/30/2012 0:00|chargeable|50|0
113|11|4|STYLISH WHITE FORMAL, CASUAL, TRENDY WOMEN'S WRIST WATCH|1|2|used|3/30/2012 0:00|4/30/2012 0:00|free|0|0
114|11|4|Star Elegant Grey dial Watch|1|2|new|3/30/2012 0:00|4/30/2012 0:00|chargeable|50|0
115|12|4|Embossed Pocket Watch with chain|1|2|used|3/30/2012 0:00|4/30/2012 0:00|free|0|0
116|12|4|Pocket Watch with Chain|1|2|new|3/30/2012 0:00|4/30/2012 0:00|chargeable|50|0
117|12|4|Men's Pocket Watch - Hunter Design Pocket Watch golden|2|2|used|3/30/2012 0:00|4/30/2012 0:00|free|0|0
118|12|4|Men's Wild West Pocket Watch with Embossed design in brown colour|2|2|new|3/30/2012 0:00|4/30/2012 0:00|chargeable|50|0
119|12|4|Avalon 17 Jewel Mechanical(Wind-Up) Skeleton Pocket-YCM|2|2|used|3/30/2012 0:00|4/30/2012 0:00|free|0|0
120|12|4|Antique style brown pocker watch with chain|2|2|new|3/30/2012 0:00|4/30/2012 0:00|chargeable|50|0
121|12|4|Colibri Mechanical Pocket Watch Skeleton Movement -BOP|2|2|used|3/30/2012 0:00|4/30/2012 0:00|free|0|0
122|12|4|Avalon 17 Jewel Mechanical Skeleton Silver-tone Poc-DIL|3|2|new|3/30/2012 0:00|4/30/2012 0:00|chargeable|50|0
123|12|4|SUPERMAN RETURNS POCKET WATCH EXCLUSIVE WB DC WARN-REG|3|2|used|3/30/2012 0:00|4/30/2012 0:00|free|0|0
124|12|4|Avalon Classic II Series Gold Tone Covered Pocket W-RIL|3|2|new|3/30/2012 0:00|4/30/2012 0:00|chargeable|50|0
125|13|5|YAMLA PAGLA DEEWANA (DHARMENDRA, SUNNY) - 2 DISC DVD|3|2|used|3/30/2012 0:00|4/30/2012 0:00|free|0|0
126|13|5|Sardar - The Iron Man of India - Paresh Rawal, Benjamin Gilani, Annu Kapoor|3|2|new|3/30/2012 0:00|4/30/2012 0:00|chargeable|50|0
127|13|5|HAI MARJAWAAN / IT'S A WONDERFUL AFTERLIFE - DVD PAYPAL|4|2|used|3/30/2012 0:00|4/30/2012 0:00|free|0|0
128|13|5|SADIYAAN (LUV SINHA, FERENA WAZEIR) - HINDI DVD PAYPAL|4|2|new|3/30/2012 0:00|4/30/2012 0:00|chargeable|50|0
129|13|5|AARAKSHAN (AMITABH, SAIF ALI, MANOJ BAJPAI, DEEPIKA) - HINDI DVD PAYPAL|4|2|used|3/30/2012 0:00|4/30/2012 0:00|free|0|0
130|13|5|RAAVAN (ABHISHEK BACHCHAN, AISHWARYA)- HINDI DVD PAYPAL|4|2|new|3/30/2012 0:00|4/30/2012 0:00|chargeable|50|0
131|13|5|KRAZZY 4 {ARSHAD WARSI, IRFAN KHAN} ORIGINAL HINDI DVD|4|2|used|3/30/2012 0:00|4/30/2012 0:00|free|0|0
132|13|5|BHAGAM BHAG {GOVINDA, AKSHAY} COMEDY HINDI MOVIE DVD|4|2|new|3/30/2012 0:00|4/30/2012 0:00|chargeable|50|0
133|13|5|ACHANAK {VINOD KHANNA} - HINDI MOVIE DVD|5|2|used|3/30/2012 0:00|4/30/2012 0:00|free|0|0
134|13|5|BHOOL BHULAIYA {Akshay Kumar} - HINDI MOVIE DVD|5|2|new|3/30/2012 0:00|4/30/2012 0:00|chargeable|50|0
135|14|5|BULLET (IQBAL KHAN, ASAD SIKANDAR) - HINDI VCD PAYPAL|5|2|used|3/30/2012 0:00|4/30/2012 0:00|free|0|0
136|14|5|STYLE (SHERMAN, RIA SEN,SAHIL) - HINDI VCD PAYPAL|5|2|new|3/30/2012 0:00|4/30/2012 0:00|chargeable|50|0
137|14|5|JAAL (DEV ANAND, GEETA BALI) - HINDI VCD PAYPAL|5|2|used|3/30/2012 0:00|4/30/2012 0:00|free|0|0
138|14|5|RAJHATH (MADHUBALA, SOHRAB MODI) - HINDI VCD PAYPAL|6|2|new|3/30/2012 0:00|4/30/2012 0:00|chargeable|50|0
139|14|5|BILLU - Shah Rukh Khan (Original VCD) 5% off|6|2|used|3/30/2012 0:00|4/30/2012 0:00|free|0|0
140|14|5|WARIS SHAH (GURDAS MANN, JUHI CHAWLA)- HINDI VCD PAYPAL|6|2|new|3/30/2012 0:00|4/30/2012 0:00|chargeable|50|0
141|14|5|AAJ KA ARJUN ( AMITHAB, JAYA PRADA ) - HINDI VCD PAYPAL|6|2|used|3/30/2012 0:00|4/30/2012 0:00|free|0|0
142|14|5|Hanuman - Animated VCD With Hindi / English Language|6|2|new|3/30/2012 0:00|4/30/2012 0:00|chargeable|50|0
143|14|5|PARWANA (K.L.SAIGAL, SURAIYA, NAZMA) - HINDI VCD PAYPAL|1|2|used|3/30/2012 0:00|4/30/2012 0:00|free|0|0
144|14|5|FAMILY (AMITABH BACHCHAN, BHUMIKA ) - HINDI VCD PAYPAL|1|2|new|3/30/2012 0:00|4/30/2012 0:00|chargeable|50|0
145|15|5|THE TOUCH (10% OFF ON MRP) - ENGLISH DVD|2|2|used|3/30/2012 0:00|4/30/2012 0:00|free|0|0
146|15|5|Inspector Gadget 2 - Tony Martin - (Valentine Day Sale)|2|2|new|3/30/2012 0:00|4/30/2012 0:00|chargeable|50|0
147|15|5|Learn To Play - TABLA Vol 2 - DVD 5% Off|3|2|used|3/30/2012 0:00|4/30/2012 0:00|free|0|0
148|15|5|THE TAMARIND SEED - ENGLISH MOVIE DVD|3|2|new|3/30/2012 0:00|4/30/2012 0:00|chargeable|50|0
149|15|5|The Princess and the Frog (2009) - 3 Oscar Nominee - (Valentine Day Sale)|4|2|used|3/30/2012 0:00|4/30/2012 0:00|free|0|0
150|15|5|THE HOUND OF BASKERVILLES (10% OFF ON MRP)- ENGLISH DVD|4|2|new|3/30/2012 0:00|4/30/2012 0:00|chargeable|50|0
151|15|5|TERMINATOR SALVATION - Movie Bluray W 3 Languages|5|2|used|3/30/2012 0:00|4/30/2012 0:00|free|0|0
152|15|5|I WALK THE LINE (10% OFF ON MRP) - ENGLISH DVD|5|2|new|3/30/2012 0:00|4/30/2012 0:00|chargeable|50|0
153|15|5|Tinker Bell - Anjelica Huston - (Valentine Day Sale)|6|2|used|3/30/2012 0:00|4/30/2012 0:00|free|0|0
154|15|5|Monsters vs Aliens - Reese Witherspoon - (Valentine Day Sale)|6|2|new|3/30/2012 0:00|4/30/2012 0:00|chargeable|50|0
